game,day,theme,tweet,telegram,email,meme
chain-loot,1,launch,chain-loot/tweets/day-001.txt,chain-loot/telegram/day-001.md,chain-loot/emails/day-001.md,
chain-loot,2,tip,chain-loot/tweets/day-002.txt,chain-loot/telegram/day-002.md,chain-loot/emails/day-002.md,
chain-loot,3,feature,chain-loot/tweets/day-003.txt,chain-loot/telegram/day-003.md,chain-loot/emails/day-003.md,chain-loot/memes/meme-001.svg
chain-loot,4,community,chain-loot/tweets/day-004.txt,chain-loot/telegram/day-004.md,chain-loot/emails/day-004.md,
chain-loot,5,challenge,chain-loot/tweets/day-005.txt,chain-loot/telegram/day-005.md,chain-loot/emails/day-005.md,
chain-loot,6,meme,chain-loot/tweets/day-006.txt,chain-loot/telegram/day-006.md,chain-loot/emails/day-006.md,chain-loot/memes/meme-002.svg
chain-loot,7,weekend,chain-loot/tweets/day-007.txt,chain-loot/telegram/day-007.md,chain-loot/emails/day-007.md,
chain-loot,8,launch,chain-loot/tweets/day-008.txt,chain-loot/telegram/day-008.md,chain-loot/emails/day-008.md,
chain-loot,9,tip,chain-loot/tweets/day-009.txt,chain-loot/telegram/day-009.md,chain-loot/emails/day-009.md,chain-loot/memes/meme-003.svg
chain-loot,10,feature,chain-loot/tweets/day-010.txt,chain-loot/telegram/day-010.md,chain-loot/emails/day-010.md,
chain-loot,11,community,chain-loot/tweets/day-011.txt,chain-loot/telegram/day-011.md,chain-loot/emails/day-011.md,
chain-loot,12,challenge,chain-loot/tweets/day-012.txt,chain-loot/telegram/day-012.md,chain-loot/emails/day-012.md,chain-loot/memes/meme-004.svg
chain-loot,13,meme,chain-loot/tweets/day-013.txt,chain-loot/telegram/day-013.md,chain-loot/emails/day-013.md,
chain-loot,14,weekend,chain-loot/tweets/day-014.txt,chain-loot/telegram/day-014.md,chain-loot/emails/day-014.md,
chain-loot,15,launch,chain-loot/tweets/day-015.txt,chain-loot/telegram/day-015.md,chain-loot/emails/day-015.md,chain-loot/memes/meme-005.svg
chain-loot,16,tip,chain-loot/tweets/day-016.txt,chain-loot/telegram/day-016.md,chain-loot/emails/day-016.md,
chain-loot,17,feature,chain-loot/tweets/day-017.txt,chain-loot/telegram/day-017.md,chain-loot/emails/day-017.md,
chain-loot,18,community,chain-loot/tweets/day-018.txt,chain-loot/telegram/day-018.md,chain-loot/emails/day-018.md,chain-loot/memes/meme-006.svg
chain-loot,19,challenge,chain-loot/tweets/day-019.txt,chain-loot/telegram/day-019.md,chain-loot/emails/day-019.md,
chain-loot,20,meme,chain-loot/tweets/day-020.txt,chain-loot/telegram/day-020.md,chain-loot/emails/day-020.md,
chain-loot,21,weekend,chain-loot/tweets/day-021.txt,chain-loot/telegram/day-021.md,chain-loot/emails/day-021.md,chain-loot/memes/meme-007.svg
chain-loot,22,launch,chain-loot/tweets/day-022.txt,chain-loot/telegram/day-022.md,chain-loot/emails/day-022.md,
chain-loot,23,tip,chain-loot/tweets/day-023.txt,chain-loot/telegram/day-023.md,chain-loot/emails/day-023.md,
chain-loot,24,feature,chain-loot/tweets/day-024.txt,chain-loot/telegram/day-024.md,chain-loot/emails/day-024.md,chain-loot/memes/meme-008.svg
chain-loot,25,community,chain-loot/tweets/day-025.txt,chain-loot/telegram/day-025.md,chain-loot/emails/day-025.md,
chain-loot,26,challenge,chain-loot/tweets/day-026.txt,chain-loot/telegram/day-026.md,chain-loot/emails/day-026.md,
chain-loot,27,meme,chain-loot/tweets/day-027.txt,chain-loot/telegram/day-027.md,chain-loot/emails/day-027.md,chain-loot/memes/meme-009.svg
chain-loot,28,weekend,chain-loot/tweets/day-028.txt,chain-loot/telegram/day-028.md,chain-loot/emails/day-028.md,
chain-loot,29,launch,chain-loot/tweets/day-029.txt,chain-loot/telegram/day-029.md,chain-loot/emails/day-029.md,
chain-loot,30,tip,chain-loot/tweets/day-030.txt,chain-loot/telegram/day-030.md,chain-loot/emails/day-030.md,chain-loot/memes/meme-010.svg
chain-loot,31,feature,chain-loot/tweets/day-031.txt,chain-loot/telegram/day-031.md,chain-loot/emails/day-031.md,
chain-loot,32,community,chain-loot/tweets/day-032.txt,chain-loot/telegram/day-032.md,chain-loot/emails/day-032.md,
chain-loot,33,challenge,chain-loot/tweets/day-033.txt,chain-loot/telegram/day-033.md,chain-loot/emails/day-033.md,chain-loot/memes/meme-011.svg
chain-loot,34,meme,chain-loot/tweets/day-034.txt,chain-loot/telegram/day-034.md,chain-loot/emails/day-034.md,
chain-loot,35,weekend,chain-loot/tweets/day-035.txt,chain-loot/telegram/day-035.md,chain-loot/emails/day-035.md,
chain-loot,36,launch,chain-loot/tweets/day-036.txt,chain-loot/telegram/day-036.md,chain-loot/emails/day-036.md,chain-loot/memes/meme-012.svg
chain-loot,37,tip,chain-loot/tweets/day-037.txt,chain-loot/telegram/day-037.md,chain-loot/emails/day-037.md,
chain-loot,38,feature,chain-loot/tweets/day-038.txt,chain-loot/telegram/day-038.md,chain-loot/emails/day-038.md,
chain-loot,39,community,chain-loot/tweets/day-039.txt,chain-loot/telegram/day-039.md,chain-loot/emails/day-039.md,chain-loot/memes/meme-013.svg
chain-loot,40,challenge,chain-loot/tweets/day-040.txt,chain-loot/telegram/day-040.md,chain-loot/emails/day-040.md,
chain-loot,41,meme,chain-loot/tweets/day-041.txt,chain-loot/telegram/day-041.md,chain-loot/emails/day-041.md,
chain-loot,42,weekend,chain-loot/tweets/day-042.txt,chain-loot/telegram/day-042.md,chain-loot/emails/day-042.md,chain-loot/memes/meme-014.svg
chain-loot,43,launch,chain-loot/tweets/day-043.txt,chain-loot/telegram/day-043.md,chain-loot/emails/day-043.md,
chain-loot,44,tip,chain-loot/tweets/day-044.txt,chain-loot/telegram/day-044.md,chain-loot/emails/day-044.md,
chain-loot,45,feature,chain-loot/tweets/day-045.txt,chain-loot/telegram/day-045.md,chain-loot/emails/day-045.md,chain-loot/memes/meme-015.svg
chain-loot,46,community,chain-loot/tweets/day-046.txt,chain-loot/telegram/day-046.md,chain-loot/emails/day-046.md,
chain-loot,47,challenge,chain-loot/tweets/day-047.txt,chain-loot/telegram/day-047.md,chain-loot/emails/day-047.md,
chain-loot,48,meme,chain-loot/tweets/day-048.txt,chain-loot/telegram/day-048.md,chain-loot/emails/day-048.md,chain-loot/memes/meme-016.svg
chain-loot,49,weekend,chain-loot/tweets/day-049.txt,chain-loot/telegram/day-049.md,chain-loot/emails/day-049.md,
chain-loot,50,launch,chain-loot/tweets/day-050.txt,chain-loot/telegram/day-050.md,chain-loot/emails/day-050.md,
chain-loot,51,tip,chain-loot/tweets/day-051.txt,chain-loot/telegram/day-051.md,chain-loot/emails/day-051.md,chain-loot/memes/meme-017.svg
chain-loot,52,feature,chain-loot/tweets/day-052.txt,chain-loot/telegram/day-052.md,chain-loot/emails/day-052.md,
chain-loot,53,community,chain-loot/tweets/day-053.txt,chain-loot/telegram/day-053.md,chain-loot/emails/day-053.md,
chain-loot,54,challenge,chain-loot/tweets/day-054.txt,chain-loot/telegram/day-054.md,chain-loot/emails/day-054.md,chain-loot/memes/meme-018.svg
chain-loot,55,meme,chain-loot/tweets/day-055.txt,chain-loot/telegram/day-055.md,chain-loot/emails/day-055.md,
chain-loot,56,weekend,chain-loot/tweets/day-056.txt,chain-loot/telegram/day-056.md,chain-loot/emails/day-056.md,
chain-loot,57,launch,chain-loot/tweets/day-057.txt,chain-loot/telegram/day-057.md,chain-loot/emails/day-057.md,chain-loot/memes/meme-019.svg
chain-loot,58,tip,chain-loot/tweets/day-058.txt,chain-loot/telegram/day-058.md,chain-loot/emails/day-058.md,
chain-loot,59,feature,chain-loot/tweets/day-059.txt,chain-loot/telegram/day-059.md,chain-loot/emails/day-059.md,
chain-loot,60,community,chain-loot/tweets/day-060.txt,chain-loot/telegram/day-060.md,chain-loot/emails/day-060.md,chain-loot/memes/meme-020.svg
chain-loot,61,challenge,chain-loot/tweets/day-061.txt,chain-loot/telegram/day-061.md,chain-loot/emails/day-061.md,
chain-loot,62,meme,chain-loot/tweets/day-062.txt,chain-loot/telegram/day-062.md,chain-loot/emails/day-062.md,
chain-loot,63,weekend,chain-loot/tweets/day-063.txt,chain-loot/telegram/day-063.md,chain-loot/emails/day-063.md,chain-loot/memes/meme-021.svg
chain-loot,64,launch,chain-loot/tweets/day-064.txt,chain-loot/telegram/day-064.md,chain-loot/emails/day-064.md,
chain-loot,65,tip,chain-loot/tweets/day-065.txt,chain-loot/telegram/day-065.md,chain-loot/emails/day-065.md,
chain-loot,66,feature,chain-loot/tweets/day-066.txt,chain-loot/telegram/day-066.md,chain-loot/emails/day-066.md,chain-loot/memes/meme-022.svg
chain-loot,67,community,chain-loot/tweets/day-067.txt,chain-loot/telegram/day-067.md,chain-loot/emails/day-067.md,
chain-loot,68,challenge,chain-loot/tweets/day-068.txt,chain-loot/telegram/day-068.md,chain-loot/emails/day-068.md,
chain-loot,69,meme,chain-loot/tweets/day-069.txt,chain-loot/telegram/day-069.md,chain-loot/emails/day-069.md,chain-loot/memes/meme-023.svg
chain-loot,70,weekend,chain-loot/tweets/day-070.txt,chain-loot/telegram/day-070.md,chain-loot/emails/day-070.md,
chain-loot,71,launch,chain-loot/tweets/day-071.txt,chain-loot/telegram/day-071.md,chain-loot/emails/day-071.md,
chain-loot,72,tip,chain-loot/tweets/day-072.txt,chain-loot/telegram/day-072.md,chain-loot/emails/day-072.md,chain-loot/memes/meme-024.svg
chain-loot,73,feature,chain-loot/tweets/day-073.txt,chain-loot/telegram/day-073.md,chain-loot/emails/day-073.md,
chain-loot,74,community,chain-loot/tweets/day-074.txt,chain-loot/telegram/day-074.md,chain-loot/emails/day-074.md,
chain-loot,75,challenge,chain-loot/tweets/day-075.txt,chain-loot/telegram/day-075.md,chain-loot/emails/day-075.md,chain-loot/memes/meme-025.svg
chain-loot,76,meme,chain-loot/tweets/day-076.txt,chain-loot/telegram/day-076.md,chain-loot/emails/day-076.md,
chain-loot,77,weekend,chain-loot/tweets/day-077.txt,chain-loot/telegram/day-077.md,chain-loot/emails/day-077.md,
chain-loot,78,launch,chain-loot/tweets/day-078.txt,chain-loot/telegram/day-078.md,chain-loot/emails/day-078.md,chain-loot/memes/meme-026.svg
chain-loot,79,tip,chain-loot/tweets/day-079.txt,chain-loot/telegram/day-079.md,chain-loot/emails/day-079.md,
chain-loot,80,feature,chain-loot/tweets/day-080.txt,chain-loot/telegram/day-080.md,chain-loot/emails/day-080.md,
chain-loot,81,community,chain-loot/tweets/day-081.txt,chain-loot/telegram/day-081.md,chain-loot/emails/day-081.md,chain-loot/memes/meme-027.svg
chain-loot,82,challenge,chain-loot/tweets/day-082.txt,chain-loot/telegram/day-082.md,chain-loot/emails/day-082.md,
chain-loot,83,meme,chain-loot/tweets/day-083.txt,chain-loot/telegram/day-083.md,chain-loot/emails/day-083.md,
chain-loot,84,weekend,chain-loot/tweets/day-084.txt,chain-loot/telegram/day-084.md,chain-loot/emails/day-084.md,chain-loot/memes/meme-028.svg
chain-loot,85,launch,chain-loot/tweets/day-085.txt,chain-loot/telegram/day-085.md,chain-loot/emails/day-085.md,
chain-loot,86,tip,chain-loot/tweets/day-086.txt,chain-loot/telegram/day-086.md,chain-loot/emails/day-086.md,
chain-loot,87,feature,chain-loot/tweets/day-087.txt,chain-loot/telegram/day-087.md,chain-loot/emails/day-087.md,chain-loot/memes/meme-029.svg
chain-loot,88,community,chain-loot/tweets/day-088.txt,chain-loot/telegram/day-088.md,chain-loot/emails/day-088.md,
chain-loot,89,challenge,chain-loot/tweets/day-089.txt,chain-loot/telegram/day-089.md,chain-loot/emails/day-089.md,
chain-loot,90,meme,chain-loot/tweets/day-090.txt,chain-loot/telegram/day-090.md,chain-loot/emails/day-090.md,chain-loot/memes/meme-030.svg
realm-conquest,1,launch,realm-conquest/tweets/day-001.txt,realm-conquest/telegram/day-001.md,realm-conquest/emails/day-001.md,
realm-conquest,2,tip,realm-conquest/tweets/day-002.txt,realm-conquest/telegram/day-002.md,realm-conquest/emails/day-002.md,
realm-conquest,3,feature,realm-conquest/tweets/day-003.txt,realm-conquest/telegram/day-003.md,realm-conquest/emails/day-003.md,realm-conquest/memes/meme-001.svg
realm-conquest,4,community,realm-conquest/tweets/day-004.txt,realm-conquest/telegram/day-004.md,realm-conquest/emails/day-004.md,
realm-conquest,5,challenge,realm-conquest/tweets/day-005.txt,realm-conquest/telegram/day-005.md,realm-conquest/emails/day-005.md,
realm-conquest,6,meme,realm-conquest/tweets/day-006.txt,realm-conquest/telegram/day-006.md,realm-conquest/emails/day-006.md,realm-conquest/memes/meme-002.svg
realm-conquest,7,weekend,realm-conquest/tweets/day-007.txt,realm-conquest/telegram/day-007.md,realm-conquest/emails/day-007.md,
realm-conquest,8,launch,realm-conquest/tweets/day-008.txt,realm-conquest/telegram/day-008.md,realm-conquest/emails/day-008.md,
realm-conquest,9,tip,realm-conquest/tweets/day-009.txt,realm-conquest/telegram/day-009.md,realm-conquest/emails/day-009.md,realm-conquest/memes/meme-003.svg
realm-conquest,10,feature,realm-conquest/tweets/day-010.txt,realm-conquest/telegram/day-010.md,realm-conquest/emails/day-010.md,
realm-conquest,11,community,realm-conquest/tweets/day-011.txt,realm-conquest/telegram/day-011.md,realm-conquest/emails/day-011.md,
realm-conquest,12,challenge,realm-conquest/tweets/day-012.txt,realm-conquest/telegram/day-012.md,realm-conquest/emails/day-012.md,realm-conquest/memes/meme-004.svg
realm-conquest,13,meme,realm-conquest/tweets/day-013.txt,realm-conquest/telegram/day-013.md,realm-conquest/emails/day-013.md,
realm-conquest,14,weekend,realm-conquest/tweets/day-014.txt,realm-conquest/telegram/day-014.md,realm-conquest/emails/day-014.md,
realm-conquest,15,launch,realm-conquest/tweets/day-015.txt,realm-conquest/telegram/day-015.md,realm-conquest/emails/day-015.md,realm-conquest/memes/meme-005.svg
realm-conquest,16,tip,realm-conquest/tweets/day-016.txt,realm-conquest/telegram/day-016.md,realm-conquest/emails/day-016.md,
realm-conquest,17,feature,realm-conquest/tweets/day-017.txt,realm-conquest/telegram/day-017.md,realm-conquest/emails/day-017.md,
realm-conquest,18,community,realm-conquest/tweets/day-018.txt,realm-conquest/telegram/day-018.md,realm-conquest/emails/day-018.md,realm-conquest/memes/meme-006.svg
realm-conquest,19,challenge,realm-conquest/tweets/day-019.txt,realm-conquest/telegram/day-019.md,realm-conquest/emails/day-019.md,
realm-conquest,20,meme,realm-conquest/tweets/day-020.txt,realm-conquest/telegram/day-020.md,realm-conquest/emails/day-020.md,
realm-conquest,21,weekend,realm-conquest/tweets/day-021.txt,realm-conquest/telegram/day-021.md,realm-conquest/emails/day-021.md,realm-conquest/memes/meme-007.svg
realm-conquest,22,launch,realm-conquest/tweets/day-022.txt,realm-conquest/telegram/day-022.md,realm-conquest/emails/day-022.md,
realm-conquest,23,tip,realm-conquest/tweets/day-023.txt,realm-conquest/telegram/day-023.md,realm-conquest/emails/day-023.md,
realm-conquest,24,feature,realm-conquest/tweets/day-024.txt,realm-conquest/telegram/day-024.md,realm-conquest/emails/day-024.md,realm-conquest/memes/meme-008.svg
realm-conquest,25,community,realm-conquest/tweets/day-025.txt,realm-conquest/telegram/day-025.md,realm-conquest/emails/day-025.md,
realm-conquest,26,challenge,realm-conquest/tweets/day-026.txt,realm-conquest/telegram/day-026.md,realm-conquest/emails/day-026.md,
realm-conquest,27,meme,realm-conquest/tweets/day-027.txt,realm-conquest/telegram/day-027.md,realm-conquest/emails/day-027.md,realm-conquest/memes/meme-009.svg
realm-conquest,28,weekend,realm-conquest/tweets/day-028.txt,realm-conquest/telegram/day-028.md,realm-conquest/emails/day-028.md,
realm-conquest,29,launch,realm-conquest/tweets/day-029.txt,realm-conquest/telegram/day-029.md,realm-conquest/emails/day-029.md,
realm-conquest,30,tip,realm-conquest/tweets/day-030.txt,realm-conquest/telegram/day-030.md,realm-conquest/emails/day-030.md,realm-conquest/memes/meme-010.svg
realm-conquest,31,feature,realm-conquest/tweets/day-031.txt,realm-conquest/telegram/day-031.md,realm-conquest/emails/day-031.md,
realm-conquest,32,community,realm-conquest/tweets/day-032.txt,realm-conquest/telegram/day-032.md,realm-conquest/emails/day-032.md,
realm-conquest,33,challenge,realm-conquest/tweets/day-033.txt,realm-conquest/telegram/day-033.md,realm-conquest/emails/day-033.md,realm-conquest/memes/meme-011.svg
realm-conquest,34,meme,realm-conquest/tweets/day-034.txt,realm-conquest/telegram/day-034.md,realm-conquest/emails/day-034.md,
realm-conquest,35,weekend,realm-conquest/tweets/day-035.txt,realm-conquest/telegram/day-035.md,realm-conquest/emails/day-035.md,
realm-conquest,36,launch,realm-conquest/tweets/day-036.txt,realm-conquest/telegram/day-036.md,realm-conquest/emails/day-036.md,realm-conquest/memes/meme-012.svg
realm-conquest,37,tip,realm-conquest/tweets/day-037.txt,realm-conquest/telegram/day-037.md,realm-conquest/emails/day-037.md,
realm-conquest,38,feature,realm-conquest/tweets/day-038.txt,realm-conquest/telegram/day-038.md,realm-conquest/emails/day-038.md,
realm-conquest,39,community,realm-conquest/tweets/day-039.txt,realm-conquest/telegram/day-039.md,realm-conquest/emails/day-039.md,realm-conquest/memes/meme-013.svg
realm-conquest,40,challenge,realm-conquest/tweets/day-040.txt,realm-conquest/telegram/day-040.md,realm-conquest/emails/day-040.md,
realm-conquest,41,meme,realm-conquest/tweets/day-041.txt,realm-conquest/telegram/day-041.md,realm-conquest/emails/day-041.md,
realm-conquest,42,weekend,realm-conquest/tweets/day-042.txt,realm-conquest/telegram/day-042.md,realm-conquest/emails/day-042.md,realm-conquest/memes/meme-014.svg
realm-conquest,43,launch,realm-conquest/tweets/day-043.txt,realm-conquest/telegram/day-043.md,realm-conquest/emails/day-043.md,
realm-conquest,44,tip,realm-conquest/tweets/day-044.txt,realm-conquest/telegram/day-044.md,realm-conquest/emails/day-044.md,
realm-conquest,45,feature,realm-conquest/tweets/day-045.txt,realm-conquest/telegram/day-045.md,realm-conquest/emails/day-045.md,realm-conquest/memes/meme-015.svg
realm-conquest,46,community,realm-conquest/tweets/day-046.txt,realm-conquest/telegram/day-046.md,realm-conquest/emails/day-046.md,
realm-conquest,47,challenge,realm-conquest/tweets/day-047.txt,realm-conquest/telegram/day-047.md,realm-conquest/emails/day-047.md,
realm-conquest,48,meme,realm-conquest/tweets/day-048.txt,realm-conquest/telegram/day-048.md,realm-conquest/emails/day-048.md,realm-conquest/memes/meme-016.svg
realm-conquest,49,weekend,realm-conquest/tweets/day-049.txt,realm-conquest/telegram/day-049.md,realm-conquest/emails/day-049.md,
realm-conquest,50,launch,realm-conquest/tweets/day-050.txt,realm-conquest/telegram/day-050.md,realm-conquest/emails/day-050.md,
realm-conquest,51,tip,realm-conquest/tweets/day-051.txt,realm-conquest/telegram/day-051.md,realm-conquest/emails/day-051.md,realm-conquest/memes/meme-017.svg
realm-conquest,52,feature,realm-conquest/tweets/day-052.txt,realm-conquest/telegram/day-052.md,realm-conquest/emails/day-052.md,
realm-conquest,53,community,realm-conquest/tweets/day-053.txt,realm-conquest/telegram/day-053.md,realm-conquest/emails/day-053.md,
realm-conquest,54,challenge,realm-conquest/tweets/day-054.txt,realm-conquest/telegram/day-054.md,realm-conquest/emails/day-054.md,realm-conquest/memes/meme-018.svg
realm-conquest,55,meme,realm-conquest/tweets/day-055.txt,realm-conquest/telegram/day-055.md,realm-conquest/emails/day-055.md,
realm-conquest,56,weekend,realm-conquest/tweets/day-056.txt,realm-conquest/telegram/day-056.md,realm-conquest/emails/day-056.md,
realm-conquest,57,launch,realm-conquest/tweets/day-057.txt,realm-conquest/telegram/day-057.md,realm-conquest/emails/day-057.md,realm-conquest/memes/meme-019.svg
realm-conquest,58,tip,realm-conquest/tweets/day-058.txt,realm-conquest/telegram/day-058.md,realm-conquest/emails/day-058.md,
realm-conquest,59,feature,realm-conquest/tweets/day-059.txt,realm-conquest/telegram/day-059.md,realm-conquest/emails/day-059.md,
realm-conquest,60,community,realm-conquest/tweets/day-060.txt,realm-conquest/telegram/day-060.md,realm-conquest/emails/day-060.md,realm-conquest/memes/meme-020.svg
realm-conquest,61,challenge,realm-conquest/tweets/day-061.txt,realm-conquest/telegram/day-061.md,realm-conquest/emails/day-061.md,
realm-conquest,62,meme,realm-conquest/tweets/day-062.txt,realm-conquest/telegram/day-062.md,realm-conquest/emails/day-062.md,
realm-conquest,63,weekend,realm-conquest/tweets/day-063.txt,realm-conquest/telegram/day-063.md,realm-conquest/emails/day-063.md,realm-conquest/memes/meme-021.svg
realm-conquest,64,launch,realm-conquest/tweets/day-064.txt,realm-conquest/telegram/day-064.md,realm-conquest/emails/day-064.md,
realm-conquest,65,tip,realm-conquest/tweets/day-065.txt,realm-conquest/telegram/day-065.md,realm-conquest/emails/day-065.md,
realm-conquest,66,feature,realm-conquest/tweets/day-066.txt,realm-conquest/telegram/day-066.md,realm-conquest/emails/day-066.md,realm-conquest/memes/meme-022.svg
realm-conquest,67,community,realm-conquest/tweets/day-067.txt,realm-conquest/telegram/day-067.md,realm-conquest/emails/day-067.md,
realm-conquest,68,challenge,realm-conquest/tweets/day-068.txt,realm-conquest/telegram/day-068.md,realm-conquest/emails/day-068.md,
realm-conquest,69,meme,realm-conquest/tweets/day-069.txt,realm-conquest/telegram/day-069.md,realm-conquest/emails/day-069.md,realm-conquest/memes/meme-023.svg
realm-conquest,70,weekend,realm-conquest/tweets/day-070.txt,realm-conquest/telegram/day-070.md,realm-conquest/emails/day-070.md,
realm-conquest,71,launch,realm-conquest/tweets/day-071.txt,realm-conquest/telegram/day-071.md,realm-conquest/emails/day-071.md,
realm-conquest,72,tip,realm-conquest/tweets/day-072.txt,realm-conquest/telegram/day-072.md,realm-conquest/emails/day-072.md,realm-conquest/memes/meme-024.svg
realm-conquest,73,feature,realm-conquest/tweets/day-073.txt,realm-conquest/telegram/day-073.md,realm-conquest/emails/day-073.md,
realm-conquest,74,community,realm-conquest/tweets/day-074.txt,realm-conquest/telegram/day-074.md,realm-conquest/emails/day-074.md,
realm-conquest,75,challenge,realm-conquest/tweets/day-075.txt,realm-conquest/telegram/day-075.md,realm-conquest/emails/day-075.md,realm-conquest/memes/meme-025.svg
realm-conquest,76,meme,realm-conquest/tweets/day-076.txt,realm-conquest/telegram/day-076.md,realm-conquest/emails/day-076.md,
realm-conquest,77,weekend,realm-conquest/tweets/day-077.txt,realm-conquest/telegram/day-077.md,realm-conquest/emails/day-077.md,
realm-conquest,78,launch,realm-conquest/tweets/day-078.txt,realm-conquest/telegram/day-078.md,realm-conquest/emails/day-078.md,realm-conquest/memes/meme-026.svg
realm-conquest,79,tip,realm-conquest/tweets/day-079.txt,realm-conquest/telegram/day-079.md,realm-conquest/emails/day-079.md,
realm-conquest,80,feature,realm-conquest/tweets/day-080.txt,realm-conquest/telegram/day-080.md,realm-conquest/emails/day-080.md,
realm-conquest,81,community,realm-conquest/tweets/day-081.txt,realm-conquest/telegram/day-081.md,realm-conquest/emails/day-081.md,realm-conquest/memes/meme-027.svg
realm-conquest,82,challenge,realm-conquest/tweets/day-082.txt,realm-conquest/telegram/day-082.md,realm-conquest/emails/day-082.md,
realm-conquest,83,meme,realm-conquest/tweets/day-083.txt,realm-conquest/telegram/day-083.md,realm-conquest/emails/day-083.md,
realm-conquest,84,weekend,realm-conquest/tweets/day-084.txt,realm-conquest/telegram/day-084.md,realm-conquest/emails/day-084.md,realm-conquest/memes/meme-028.svg
realm-conquest,85,launch,realm-conquest/tweets/day-085.txt,realm-conquest/telegram/day-085.md,realm-conquest/emails/day-085.md,
realm-conquest,86,tip,realm-conquest/tweets/day-086.txt,realm-conquest/telegram/day-086.md,realm-conquest/emails/day-086.md,
realm-conquest,87,feature,realm-conquest/tweets/day-087.txt,realm-conquest/telegram/day-087.md,realm-conquest/emails/day-087.md,realm-conquest/memes/meme-029.svg
realm-conquest,88,community,realm-conquest/tweets/day-088.txt,realm-conquest/telegram/day-088.md,realm-conquest/emails/day-088.md,
realm-conquest,89,challenge,realm-conquest/tweets/day-089.txt,realm-conquest/telegram/day-089.md,realm-conquest/emails/day-089.md,
realm-conquest,90,meme,realm-conquest/tweets/day-090.txt,realm-conquest/telegram/day-090.md,realm-conquest/emails/day-090.md,realm-conquest/memes/meme-030.svg
neon-drift,1,launch,neon-drift/tweets/day-001.txt,neon-drift/telegram/day-001.md,neon-drift/emails/day-001.md,
neon-drift,2,tip,neon-drift/tweets/day-002.txt,neon-drift/telegram/day-002.md,neon-drift/emails/day-002.md,
neon-drift,3,feature,neon-drift/tweets/day-003.txt,neon-drift/telegram/day-003.md,neon-drift/emails/day-003.md,neon-drift/memes/meme-001.svg
neon-drift,4,community,neon-drift/tweets/day-004.txt,neon-drift/telegram/day-004.md,neon-drift/emails/day-004.md,
neon-drift,5,challenge,neon-drift/tweets/day-005.txt,neon-drift/telegram/day-005.md,neon-drift/emails/day-005.md,
neon-drift,6,meme,neon-drift/tweets/day-006.txt,neon-drift/telegram/day-006.md,neon-drift/emails/day-006.md,neon-drift/memes/meme-002.svg
neon-drift,7,weekend,neon-drift/tweets/day-007.txt,neon-drift/telegram/day-007.md,neon-drift/emails/day-007.md,
neon-drift,8,launch,neon-drift/tweets/day-008.txt,neon-drift/telegram/day-008.md,neon-drift/emails/day-008.md,
neon-drift,9,tip,neon-drift/tweets/day-009.txt,neon-drift/telegram/day-009.md,neon-drift/emails/day-009.md,neon-drift/memes/meme-003.svg
neon-drift,10,feature,neon-drift/tweets/day-010.txt,neon-drift/telegram/day-010.md,neon-drift/emails/day-010.md,
neon-drift,11,community,neon-drift/tweets/day-011.txt,neon-drift/telegram/day-011.md,neon-drift/emails/day-011.md,
neon-drift,12,challenge,neon-drift/tweets/day-012.txt,neon-drift/telegram/day-012.md,neon-drift/emails/day-012.md,neon-drift/memes/meme-004.svg
neon-drift,13,meme,neon-drift/tweets/day-013.txt,neon-drift/telegram/day-013.md,neon-drift/emails/day-013.md,
neon-drift,14,weekend,neon-drift/tweets/day-014.txt,neon-drift/telegram/day-014.md,neon-drift/emails/day-014.md,
neon-drift,15,launch,neon-drift/tweets/day-015.txt,neon-drift/telegram/day-015.md,neon-drift/emails/day-015.md,neon-drift/memes/meme-005.svg
neon-drift,16,tip,neon-drift/tweets/day-016.txt,neon-drift/telegram/day-016.md,neon-drift/emails/day-016.md,
neon-drift,17,feature,neon-drift/tweets/day-017.txt,neon-drift/telegram/day-017.md,neon-drift/emails/day-017.md,
neon-drift,18,community,neon-drift/tweets/day-018.txt,neon-drift/telegram/day-018.md,neon-drift/emails/day-018.md,neon-drift/memes/meme-006.svg
neon-drift,19,challenge,neon-drift/tweets/day-019.txt,neon-drift/telegram/day-019.md,neon-drift/emails/day-019.md,
neon-drift,20,meme,neon-drift/tweets/day-020.txt,neon-drift/telegram/day-020.md,neon-drift/emails/day-020.md,
neon-drift,21,weekend,neon-drift/tweets/day-021.txt,neon-drift/telegram/day-021.md,neon-drift/emails/day-021.md,neon-drift/memes/meme-007.svg
neon-drift,22,launch,neon-drift/tweets/day-022.txt,neon-drift/telegram/day-022.md,neon-drift/emails/day-022.md,
neon-drift,23,tip,neon-drift/tweets/day-023.txt,neon-drift/telegram/day-023.md,neon-drift/emails/day-023.md,
neon-drift,24,feature,neon-drift/tweets/day-024.txt,neon-drift/telegram/day-024.md,neon-drift/emails/day-024.md,neon-drift/memes/meme-008.svg
neon-drift,25,community,neon-drift/tweets/day-025.txt,neon-drift/telegram/day-025.md,neon-drift/emails/day-025.md,
neon-drift,26,challenge,neon-drift/tweets/day-026.txt,neon-drift/telegram/day-026.md,neon-drift/emails/day-026.md,
neon-drift,27,meme,neon-drift/tweets/day-027.txt,neon-drift/telegram/day-027.md,neon-drift/emails/day-027.md,neon-drift/memes/meme-009.svg
neon-drift,28,weekend,neon-drift/tweets/day-028.txt,neon-drift/telegram/day-028.md,neon-drift/emails/day-028.md,
neon-drift,29,launch,neon-drift/tweets/day-029.txt,neon-drift/telegram/day-029.md,neon-drift/emails/day-029.md,
neon-drift,30,tip,neon-drift/tweets/day-030.txt,neon-drift/telegram/day-030.md,neon-drift/emails/day-030.md,neon-drift/memes/meme-010.svg
neon-drift,31,feature,neon-drift/tweets/day-031.txt,neon-drift/telegram/day-031.md,neon-drift/emails/day-031.md,
neon-drift,32,community,neon-drift/tweets/day-032.txt,neon-drift/telegram/day-032.md,neon-drift/emails/day-032.md,
neon-drift,33,challenge,neon-drift/tweets/day-033.txt,neon-drift/telegram/day-033.md,neon-drift/emails/day-033.md,neon-drift/memes/meme-011.svg
neon-drift,34,meme,neon-drift/tweets/day-034.txt,neon-drift/telegram/day-034.md,neon-drift/emails/day-034.md,
neon-drift,35,weekend,neon-drift/tweets/day-035.txt,neon-drift/telegram/day-035.md,neon-drift/emails/day-035.md,
neon-drift,36,launch,neon-drift/tweets/day-036.txt,neon-drift/telegram/day-036.md,neon-drift/emails/day-036.md,neon-drift/memes/meme-012.svg
neon-drift,37,tip,neon-drift/tweets/day-037.txt,neon-drift/telegram/day-037.md,neon-drift/emails/day-037.md,
neon-drift,38,feature,neon-drift/tweets/day-038.txt,neon-drift/telegram/day-038.md,neon-drift/emails/day-038.md,
neon-drift,39,community,neon-drift/tweets/day-039.txt,neon-drift/telegram/day-039.md,neon-drift/emails/day-039.md,neon-drift/memes/meme-013.svg
neon-drift,40,challenge,neon-drift/tweets/day-040.txt,neon-drift/telegram/day-040.md,neon-drift/emails/day-040.md,
neon-drift,41,meme,neon-drift/tweets/day-041.txt,neon-drift/telegram/day-041.md,neon-drift/emails/day-041.md,
neon-drift,42,weekend,neon-drift/tweets/day-042.txt,neon-drift/telegram/day-042.md,neon-drift/emails/day-042.md,neon-drift/memes/meme-014.svg
neon-drift,43,launch,neon-drift/tweets/day-043.txt,neon-drift/telegram/day-043.md,neon-drift/emails/day-043.md,
neon-drift,44,tip,neon-drift/tweets/day-044.txt,neon-drift/telegram/day-044.md,neon-drift/emails/day-044.md,
neon-drift,45,feature,neon-drift/tweets/day-045.txt,neon-drift/telegram/day-045.md,neon-drift/emails/day-045.md,neon-drift/memes/meme-015.svg
neon-drift,46,community,neon-drift/tweets/day-046.txt,neon-drift/telegram/day-046.md,neon-drift/emails/day-046.md,
neon-drift,47,challenge,neon-drift/tweets/day-047.txt,neon-drift/telegram/day-047.md,neon-drift/emails/day-047.md,
neon-drift,48,meme,neon-drift/tweets/day-048.txt,neon-drift/telegram/day-048.md,neon-drift/emails/day-048.md,neon-drift/memes/meme-016.svg
neon-drift,49,weekend,neon-drift/tweets/day-049.txt,neon-drift/telegram/day-049.md,neon-drift/emails/day-049.md,
neon-drift,50,launch,neon-drift/tweets/day-050.txt,neon-drift/telegram/day-050.md,neon-drift/emails/day-050.md,
neon-drift,51,tip,neon-drift/tweets/day-051.txt,neon-drift/telegram/day-051.md,neon-drift/emails/day-051.md,neon-drift/memes/meme-017.svg
neon-drift,52,feature,neon-drift/tweets/day-052.txt,neon-drift/telegram/day-052.md,neon-drift/emails/day-052.md,
neon-drift,53,community,neon-drift/tweets/day-053.txt,neon-drift/telegram/day-053.md,neon-drift/emails/day-053.md,
neon-drift,54,challenge,neon-drift/tweets/day-054.txt,neon-drift/telegram/day-054.md,neon-drift/emails/day-054.md,neon-drift/memes/meme-018.svg
neon-drift,55,meme,neon-drift/tweets/day-055.txt,neon-drift/telegram/day-055.md,neon-drift/emails/day-055.md,
neon-drift,56,weekend,neon-drift/tweets/day-056.txt,neon-drift/telegram/day-056.md,neon-drift/emails/day-056.md,
neon-drift,57,launch,neon-drift/tweets/day-057.txt,neon-drift/telegram/day-057.md,neon-drift/emails/day-057.md,neon-drift/memes/meme-019.svg
neon-drift,58,tip,neon-drift/tweets/day-058.txt,neon-drift/telegram/day-058.md,neon-drift/emails/day-058.md,
neon-drift,59,feature,neon-drift/tweets/day-059.txt,neon-drift/telegram/day-059.md,neon-drift/emails/day-059.md,
neon-drift,60,community,neon-drift/tweets/day-060.txt,neon-drift/telegram/day-060.md,neon-drift/emails/day-060.md,neon-drift/memes/meme-020.svg
neon-drift,61,challenge,neon-drift/tweets/day-061.txt,neon-drift/telegram/day-061.md,neon-drift/emails/day-061.md,
neon-drift,62,meme,neon-drift/tweets/day-062.txt,neon-drift/telegram/day-062.md,neon-drift/emails/day-062.md,
neon-drift,63,weekend,neon-drift/tweets/day-063.txt,neon-drift/telegram/day-063.md,neon-drift/emails/day-063.md,neon-drift/memes/meme-021.svg
neon-drift,64,launch,neon-drift/tweets/day-064.txt,neon-drift/telegram/day-064.md,neon-drift/emails/day-064.md,
neon-drift,65,tip,neon-drift/tweets/day-065.txt,neon-drift/telegram/day-065.md,neon-drift/emails/day-065.md,
neon-drift,66,feature,neon-drift/tweets/day-066.txt,neon-drift/telegram/day-066.md,neon-drift/emails/day-066.md,neon-drift/memes/meme-022.svg
neon-drift,67,community,neon-drift/tweets/day-067.txt,neon-drift/telegram/day-067.md,neon-drift/emails/day-067.md,
neon-drift,68,challenge,neon-drift/tweets/day-068.txt,neon-drift/telegram/day-068.md,neon-drift/emails/day-068.md,
neon-drift,69,meme,neon-drift/tweets/day-069.txt,neon-drift/telegram/day-069.md,neon-drift/emails/day-069.md,neon-drift/memes/meme-023.svg
neon-drift,70,weekend,neon-drift/tweets/day-070.txt,neon-drift/telegram/day-070.md,neon-drift/emails/day-070.md,
neon-drift,71,launch,neon-drift/tweets/day-071.txt,neon-drift/telegram/day-071.md,neon-drift/emails/day-071.md,
neon-drift,72,tip,neon-drift/tweets/day-072.txt,neon-drift/telegram/day-072.md,neon-drift/emails/day-072.md,neon-drift/memes/meme-024.svg
neon-drift,73,feature,neon-drift/tweets/day-073.txt,neon-drift/telegram/day-073.md,neon-drift/emails/day-073.md,
neon-drift,74,community,neon-drift/tweets/day-074.txt,neon-drift/telegram/day-074.md,neon-drift/emails/day-074.md,
neon-drift,75,challenge,neon-drift/tweets/day-075.txt,neon-drift/telegram/day-075.md,neon-drift/emails/day-075.md,neon-drift/memes/meme-025.svg
neon-drift,76,meme,neon-drift/tweets/day-076.txt,neon-drift/telegram/day-076.md,neon-drift/emails/day-076.md,
neon-drift,77,weekend,neon-drift/tweets/day-077.txt,neon-drift/telegram/day-077.md,neon-drift/emails/day-077.md,
neon-drift,78,launch,neon-drift/tweets/day-078.txt,neon-drift/telegram/day-078.md,neon-drift/emails/day-078.md,neon-drift/memes/meme-026.svg
neon-drift,79,tip,neon-drift/tweets/day-079.txt,neon-drift/telegram/day-079.md,neon-drift/emails/day-079.md,
neon-drift,80,feature,neon-drift/tweets/day-080.txt,neon-drift/telegram/day-080.md,neon-drift/emails/day-080.md,
neon-drift,81,community,neon-drift/tweets/day-081.txt,neon-drift/telegram/day-081.md,neon-drift/emails/day-081.md,neon-drift/memes/meme-027.svg
neon-drift,82,challenge,neon-drift/tweets/day-082.txt,neon-drift/telegram/day-082.md,neon-drift/emails/day-082.md,
neon-drift,83,meme,neon-drift/tweets/day-083.txt,neon-drift/telegram/day-083.md,neon-drift/emails/day-083.md,
neon-drift,84,weekend,neon-drift/tweets/day-084.txt,neon-drift/telegram/day-084.md,neon-drift/emails/day-084.md,neon-drift/memes/meme-028.svg
neon-drift,85,launch,neon-drift/tweets/day-085.txt,neon-drift/telegram/day-085.md,neon-drift/emails/day-085.md,
neon-drift,86,tip,neon-drift/tweets/day-086.txt,neon-drift/telegram/day-086.md,neon-drift/emails/day-086.md,
neon-drift,87,feature,neon-drift/tweets/day-087.txt,neon-drift/telegram/day-087.md,neon-drift/emails/day-087.md,neon-drift/memes/meme-029.svg
neon-drift,88,community,neon-drift/tweets/day-088.txt,neon-drift/telegram/day-088.md,neon-drift/emails/day-088.md,
neon-drift,89,challenge,neon-drift/tweets/day-089.txt,neon-drift/telegram/day-089.md,neon-drift/emails/day-089.md,
neon-drift,90,meme,neon-drift/tweets/day-090.txt,neon-drift/telegram/day-090.md,neon-drift/emails/day-090.md,neon-drift/memes/meme-030.svg
shadow-strike,1,launch,shadow-strike/tweets/day-001.txt,shadow-strike/telegram/day-001.md,shadow-strike/emails/day-001.md,
shadow-strike,2,tip,shadow-strike/tweets/day-002.txt,shadow-strike/telegram/day-002.md,shadow-strike/emails/day-002.md,
shadow-strike,3,feature,shadow-strike/tweets/day-003.txt,shadow-strike/telegram/day-003.md,shadow-strike/emails/day-003.md,shadow-strike/memes/meme-001.svg
shadow-strike,4,community,shadow-strike/tweets/day-004.txt,shadow-strike/telegram/day-004.md,shadow-strike/emails/day-004.md,
shadow-strike,5,challenge,shadow-strike/tweets/day-005.txt,shadow-strike/telegram/day-005.md,shadow-strike/emails/day-005.md,
shadow-strike,6,meme,shadow-strike/tweets/day-006.txt,shadow-strike/telegram/day-006.md,shadow-strike/emails/day-006.md,shadow-strike/memes/meme-002.svg
shadow-strike,7,weekend,shadow-strike/tweets/day-007.txt,shadow-strike/telegram/day-007.md,shadow-strike/emails/day-007.md,
shadow-strike,8,launch,shadow-strike/tweets/day-008.txt,shadow-strike/telegram/day-008.md,shadow-strike/emails/day-008.md,
shadow-strike,9,tip,shadow-strike/tweets/day-009.txt,shadow-strike/telegram/day-009.md,shadow-strike/emails/day-009.md,shadow-strike/memes/meme-003.svg
shadow-strike,10,feature,shadow-strike/tweets/day-010.txt,shadow-strike/telegram/day-010.md,shadow-strike/emails/day-010.md,
shadow-strike,11,community,shadow-strike/tweets/day-011.txt,shadow-strike/telegram/day-011.md,shadow-strike/emails/day-011.md,
shadow-strike,12,challenge,shadow-strike/tweets/day-012.txt,shadow-strike/telegram/day-012.md,shadow-strike/emails/day-012.md,shadow-strike/memes/meme-004.svg
shadow-strike,13,meme,shadow-strike/tweets/day-013.txt,shadow-strike/telegram/day-013.md,shadow-strike/emails/day-013.md,
shadow-strike,14,weekend,shadow-strike/tweets/day-014.txt,shadow-strike/telegram/day-014.md,shadow-strike/emails/day-014.md,
shadow-strike,15,launch,shadow-strike/tweets/day-015.txt,shadow-strike/telegram/day-015.md,shadow-strike/emails/day-015.md,shadow-strike/memes/meme-005.svg
shadow-strike,16,tip,shadow-strike/tweets/day-016.txt,shadow-strike/telegram/day-016.md,shadow-strike/emails/day-016.md,
shadow-strike,17,feature,shadow-strike/tweets/day-017.txt,shadow-strike/telegram/day-017.md,shadow-strike/emails/day-017.md,
shadow-strike,18,community,shadow-strike/tweets/day-018.txt,shadow-strike/telegram/day-018.md,shadow-strike/emails/day-018.md,shadow-strike/memes/meme-006.svg
shadow-strike,19,challenge,shadow-strike/tweets/day-019.txt,shadow-strike/telegram/day-019.md,shadow-strike/emails/day-019.md,
shadow-strike,20,meme,shadow-strike/tweets/day-020.txt,shadow-strike/telegram/day-020.md,shadow-strike/emails/day-020.md,
shadow-strike,21,weekend,shadow-strike/tweets/day-021.txt,shadow-strike/telegram/day-021.md,shadow-strike/emails/day-021.md,shadow-strike/memes/meme-007.svg
shadow-strike,22,launch,shadow-strike/tweets/day-022.txt,shadow-strike/telegram/day-022.md,shadow-strike/emails/day-022.md,
shadow-strike,23,tip,shadow-strike/tweets/day-023.txt,shadow-strike/telegram/day-023.md,shadow-strike/emails/day-023.md,
shadow-strike,24,feature,shadow-strike/tweets/day-024.txt,shadow-strike/telegram/day-024.md,shadow-strike/emails/day-024.md,shadow-strike/memes/meme-008.svg
shadow-strike,25,community,shadow-strike/tweets/day-025.txt,shadow-strike/telegram/day-025.md,shadow-strike/emails/day-025.md,
shadow-strike,26,challenge,shadow-strike/tweets/day-026.txt,shadow-strike/telegram/day-026.md,shadow-strike/emails/day-026.md,
shadow-strike,27,meme,shadow-strike/tweets/day-027.txt,shadow-strike/telegram/day-027.md,shadow-strike/emails/day-027.md,shadow-strike/memes/meme-009.svg
shadow-strike,28,weekend,shadow-strike/tweets/day-028.txt,shadow-strike/telegram/day-028.md,shadow-strike/emails/day-028.md,
shadow-strike,29,launch,shadow-strike/tweets/day-029.txt,shadow-strike/telegram/day-029.md,shadow-strike/emails/day-029.md,
shadow-strike,30,tip,shadow-strike/tweets/day-030.txt,shadow-strike/telegram/day-030.md,shadow-strike/emails/day-030.md,shadow-strike/memes/meme-010.svg
shadow-strike,31,feature,shadow-strike/tweets/day-031.txt,shadow-strike/telegram/day-031.md,shadow-strike/emails/day-031.md,
shadow-strike,32,community,shadow-strike/tweets/day-032.txt,shadow-strike/telegram/day-032.md,shadow-strike/emails/day-032.md,
shadow-strike,33,challenge,shadow-strike/tweets/day-033.txt,shadow-strike/telegram/day-033.md,shadow-strike/emails/day-033.md,shadow-strike/memes/meme-011.svg
shadow-strike,34,meme,shadow-strike/tweets/day-034.txt,shadow-strike/telegram/day-034.md,shadow-strike/emails/day-034.md,
shadow-strike,35,weekend,shadow-strike/tweets/day-035.txt,shadow-strike/telegram/day-035.md,shadow-strike/emails/day-035.md,
shadow-strike,36,launch,shadow-strike/tweets/day-036.txt,shadow-strike/telegram/day-036.md,shadow-strike/emails/day-036.md,shadow-strike/memes/meme-012.svg
shadow-strike,37,tip,shadow-strike/tweets/day-037.txt,shadow-strike/telegram/day-037.md,shadow-strike/emails/day-037.md,
shadow-strike,38,feature,shadow-strike/tweets/day-038.txt,shadow-strike/telegram/day-038.md,shadow-strike/emails/day-038.md,
shadow-strike,39,community,shadow-strike/tweets/day-039.txt,shadow-strike/telegram/day-039.md,shadow-strike/emails/day-039.md,shadow-strike/memes/meme-013.svg
shadow-strike,40,challenge,shadow-strike/tweets/day-040.txt,shadow-strike/telegram/day-040.md,shadow-strike/emails/day-040.md,
shadow-strike,41,meme,shadow-strike/tweets/day-041.txt,shadow-strike/telegram/day-041.md,shadow-strike/emails/day-041.md,
shadow-strike,42,weekend,shadow-strike/tweets/day-042.txt,shadow-strike/telegram/day-042.md,shadow-strike/emails/day-042.md,shadow-strike/memes/meme-014.svg
shadow-strike,43,launch,shadow-strike/tweets/day-043.txt,shadow-strike/telegram/day-043.md,shadow-strike/emails/day-043.md,
shadow-strike,44,tip,shadow-strike/tweets/day-044.txt,shadow-strike/telegram/day-044.md,shadow-strike/emails/day-044.md,
shadow-strike,45,feature,shadow-strike/tweets/day-045.txt,shadow-strike/telegram/day-045.md,shadow-strike/emails/day-045.md,shadow-strike/memes/meme-015.svg
shadow-strike,46,community,shadow-strike/tweets/day-046.txt,shadow-strike/telegram/day-046.md,shadow-strike/emails/day-046.md,
shadow-strike,47,challenge,shadow-strike/tweets/day-047.txt,shadow-strike/telegram/day-047.md,shadow-strike/emails/day-047.md,
shadow-strike,48,meme,shadow-strike/tweets/day-048.txt,shadow-strike/telegram/day-048.md,shadow-strike/emails/day-048.md,shadow-strike/memes/meme-016.svg
shadow-strike,49,weekend,shadow-strike/tweets/day-049.txt,shadow-strike/telegram/day-049.md,shadow-strike/emails/day-049.md,
shadow-strike,50,launch,shadow-strike/tweets/day-050.txt,shadow-strike/telegram/day-050.md,shadow-strike/emails/day-050.md,
shadow-strike,51,tip,shadow-strike/tweets/day-051.txt,shadow-strike/telegram/day-051.md,shadow-strike/emails/day-051.md,shadow-strike/memes/meme-017.svg
shadow-strike,52,feature,shadow-strike/tweets/day-052.txt,shadow-strike/telegram/day-052.md,shadow-strike/emails/day-052.md,
shadow-strike,53,community,shadow-strike/tweets/day-053.txt,shadow-strike/telegram/day-053.md,shadow-strike/emails/day-053.md,
shadow-strike,54,challenge,shadow-strike/tweets/day-054.txt,shadow-strike/telegram/day-054.md,shadow-strike/emails/day-054.md,shadow-strike/memes/meme-018.svg
shadow-strike,55,meme,shadow-strike/tweets/day-055.txt,shadow-strike/telegram/day-055.md,shadow-strike/emails/day-055.md,
shadow-strike,56,weekend,shadow-strike/tweets/day-056.txt,shadow-strike/telegram/day-056.md,shadow-strike/emails/day-056.md,
shadow-strike,57,launch,shadow-strike/tweets/day-057.txt,shadow-strike/telegram/day-057.md,shadow-strike/emails/day-057.md,shadow-strike/memes/meme-019.svg
shadow-strike,58,tip,shadow-strike/tweets/day-058.txt,shadow-strike/telegram/day-058.md,shadow-strike/emails/day-058.md,
shadow-strike,59,feature,shadow-strike/tweets/day-059.txt,shadow-strike/telegram/day-059.md,shadow-strike/emails/day-059.md,
shadow-strike,60,community,shadow-strike/tweets/day-060.txt,shadow-strike/telegram/day-060.md,shadow-strike/emails/day-060.md,shadow-strike/memes/meme-020.svg
shadow-strike,61,challenge,shadow-strike/tweets/day-061.txt,shadow-strike/telegram/day-061.md,shadow-strike/emails/day-061.md,
shadow-strike,62,meme,shadow-strike/tweets/day-062.txt,shadow-strike/telegram/day-062.md,shadow-strike/emails/day-062.md,
shadow-strike,63,weekend,shadow-strike/tweets/day-063.txt,shadow-strike/telegram/day-063.md,shadow-strike/emails/day-063.md,shadow-strike/memes/meme-021.svg
shadow-strike,64,launch,shadow-strike/tweets/day-064.txt,shadow-strike/telegram/day-064.md,shadow-strike/emails/day-064.md,
shadow-strike,65,tip,shadow-strike/tweets/day-065.txt,shadow-strike/telegram/day-065.md,shadow-strike/emails/day-065.md,
shadow-strike,66,feature,shadow-strike/tweets/day-066.txt,shadow-strike/telegram/day-066.md,shadow-strike/emails/day-066.md,shadow-strike/memes/meme-022.svg
shadow-strike,67,community,shadow-strike/tweets/day-067.txt,shadow-strike/telegram/day-067.md,shadow-strike/emails/day-067.md,
shadow-strike,68,challenge,shadow-strike/tweets/day-068.txt,shadow-strike/telegram/day-068.md,shadow-strike/emails/day-068.md,
shadow-strike,69,meme,shadow-strike/tweets/day-069.txt,shadow-strike/telegram/day-069.md,shadow-strike/emails/day-069.md,shadow-strike/memes/meme-023.svg
shadow-strike,70,weekend,shadow-strike/tweets/day-070.txt,shadow-strike/telegram/day-070.md,shadow-strike/emails/day-070.md,
shadow-strike,71,launch,shadow-strike/tweets/day-071.txt,shadow-strike/telegram/day-071.md,shadow-strike/emails/day-071.md,
shadow-strike,72,tip,shadow-strike/tweets/day-072.txt,shadow-strike/telegram/day-072.md,shadow-strike/emails/day-072.md,shadow-strike/memes/meme-024.svg
shadow-strike,73,feature,shadow-strike/tweets/day-073.txt,shadow-strike/telegram/day-073.md,shadow-strike/emails/day-073.md,
shadow-strike,74,community,shadow-strike/tweets/day-074.txt,shadow-strike/telegram/day-074.md,shadow-strike/emails/day-074.md,
shadow-strike,75,challenge,shadow-strike/tweets/day-075.txt,shadow-strike/telegram/day-075.md,shadow-strike/emails/day-075.md,shadow-strike/memes/meme-025.svg
shadow-strike,76,meme,shadow-strike/tweets/day-076.txt,shadow-strike/telegram/day-076.md,shadow-strike/emails/day-076.md,
shadow-strike,77,weekend,shadow-strike/tweets/day-077.txt,shadow-strike/telegram/day-077.md,shadow-strike/emails/day-077.md,
shadow-strike,78,launch,shadow-strike/tweets/day-078.txt,shadow-strike/telegram/day-078.md,shadow-strike/emails/day-078.md,shadow-strike/memes/meme-026.svg
shadow-strike,79,tip,shadow-strike/tweets/day-079.txt,shadow-strike/telegram/day-079.md,shadow-strike/emails/day-079.md,
shadow-strike,80,feature,shadow-strike/tweets/day-080.txt,shadow-strike/telegram/day-080.md,shadow-strike/emails/day-080.md,
shadow-strike,81,community,shadow-strike/tweets/day-081.txt,shadow-strike/telegram/day-081.md,shadow-strike/emails/day-081.md,shadow-strike/memes/meme-027.svg
shadow-strike,82,challenge,shadow-strike/tweets/day-082.txt,shadow-strike/telegram/day-082.md,shadow-strike/emails/day-082.md,
shadow-strike,83,meme,shadow-strike/tweets/day-083.txt,shadow-strike/telegram/day-083.md,shadow-strike/emails/day-083.md,
shadow-strike,84,weekend,shadow-strike/tweets/day-084.txt,shadow-strike/telegram/day-084.md,shadow-strike/emails/day-084.md,shadow-strike/memes/meme-028.svg
shadow-strike,85,launch,shadow-strike/tweets/day-085.txt,shadow-strike/telegram/day-085.md,shadow-strike/emails/day-085.md,
shadow-strike,86,tip,shadow-strike/tweets/day-086.txt,shadow-strike/telegram/day-086.md,shadow-strike/emails/day-086.md,
shadow-strike,87,feature,shadow-strike/tweets/day-087.txt,shadow-strike/telegram/day-087.md,shadow-strike/emails/day-087.md,shadow-strike/memes/meme-029.svg
shadow-strike,88,community,shadow-strike/tweets/day-088.txt,shadow-strike/telegram/day-088.md,shadow-strike/emails/day-088.md,
shadow-strike,89,challenge,shadow-strike/tweets/day-089.txt,shadow-strike/telegram/day-089.md,shadow-strike/emails/day-089.md,
shadow-strike,90,meme,shadow-strike/tweets/day-090.txt,shadow-strike/telegram/day-090.md,shadow-strike/emails/day-090.md,shadow-strike/memes/meme-030.svg